{
  "x_min": 471380.807998832,
  "x_max": 482849.91023795895,
  "y_min": 5547553.112621165,
  "y_max": 5554273.320950141
}